Island Name,Group/Region,Area (sq km),Population,Administrative District,Main Settlement / Town,Protected Status,Tourism,Notable Features,Flood Events (per year),Temperature (°C),Rainfall (mm/year),Humidity (%),Other Notes,Latitude,Longitude
Havelock (Swaraj Dweep),Andaman,113.0,6350,South Andaman,Govind Nagar,None (partly marine park),Major,Beaches coral reefs diving,Occasional,23–31,3000,70–85,Renamed Swaraj Dweep in 2018,11.9651954,92.9956211
Neil (Shaheed Dweep),Andaman,13.7,3040,South Andaman,Neil Kendra,None (partly marine park),Moderate,Beaches eco-tourism,Occasional,23–31,2800,70–85,Renamed Shaheed Dweep in 2018,11.8313739,93.0419302
Baratang,Andaman,238.0,5700,North & Middle Andaman,Nilambur,Jarawa Reserve partly park,Moderate,Limestone caves mud volcano,Occasional,23–31,3000,70–85,Tribal reserve permit required,12.1883182,92.8110351
North Andaman,Andaman,1317.0,42000,North & Middle Andaman,Diglipur,,Low/Moderate,Saddle Peak Ross & Smith,Occasional,22–30,3200,70–85,Largest Andaman island,13.2277143,92.9394925
Middle Andaman,Andaman,1536.0,55000,North & Middle Andaman,Rangat,,Low/Moderate,Mangroves waterfalls,Occasional,22–30,3200,70–85,-,12.6112387,92.8316541
South Andaman,Andaman,1262.0,238000,South Andaman,Port Blair,,Major,Capital Cellular Jail,Occasional,23–31,3000,70–85,Most populous,10.7056905,92.4874679
Barren Island,Andaman,8.34,0,North & Middle Andaman,,Protected (volcano),Limited (by boat),Active volcano marine life,Rare,24–30,2800,70–85,Only active volcano in India,12.2803466,93.863587
Ross Island (Netaji Subhas Chandra Bose),Andaman,0.31,0,South Andaman,,Protected (heritage),Major (day trips),Ruins history deer,Rare,23–31,3000,70–85,Renamed in 2018,11.6731,92.7697
North Bay,Andaman,0.5,0,South Andaman,,,Major (day trips),Snorkeling coral reefs,Rare,23–31,3000,70–85,-,11.6861,92.7702
Aves Island,Andaman,0.03,0,South Andaman,,,Limited,Small coral island,Rare,23–31,3000,70–85,-,11.6833,92.7167
Wandoor,Andaman,15.6,1200,South Andaman,Wandoor,,Moderate,Beaches marine park gateway,Occasional,23–31,3000,70–85,-,11.5886725,92.6152945
Long Island,Andaman,18.1,2100,North & Middle Andaman,Long Island Village,,Low,Beaches forests,Occasional,22–30,3200,70–85,-,12.3968182,92.9342976
Interview Island,Andaman,133.0,0,North & Middle Andaman,,Wildlife Sanctuary,Limited,Wildlife forests,Rare,22–30,3200,70–85,-,12.8876662,92.693772
Red Skin Island,Andaman,0.5,0,South Andaman,,Mahatma Gandhi Marine NP,Major (day trips),Coral reefs snorkeling,Rare,23–31,3000,70–85,Permits required,11.5554276,92.5924034
Cinque Island,Andaman,9.51,0,South Andaman,,Mahatma Gandhi Marine NP,Limited (by boat),Coral reefs diving,Rare,23–31,3000,70–85,Permits required,11.2659499,92.7004763
Rutland Island,Andaman,109.3,0,South Andaman,,,Limited,Beaches forests,Rare,23–31,3000,70–85,-,11.4315606,92.651792
Jolly Buoy,Andaman,0.5,0,South Andaman,,Mahatma Gandhi Marine NP,Major (day trips),Coral reefs snorkeling,Rare,23–31,3000,70–85,Permits required,11.5076258,92.6119212
Viper Island,Andaman,0.4,0,South Andaman,,Protected (heritage),Major (day trips),Cellular Jail ruins history,Rare,23–31,3000,70–85,-,11.6618855,92.6970711
Tarmugli Island,Andaman,1.26,0,South Andaman,,,Limited,Beaches forests,Rare,23–31,3000,70–85,-,11.5800863,92.5484255
Great Nicobar,Nicobar,1045.0,8500,Nicobar,Campbell Bay,Great Nicobar Biosphere Reserve,Low/Moderate,Indira Point rainforests,Occasional,22–30,3500,75–90,Southernmost point of India,7.0000167,93.8110528
Car Nicobar,Nicobar,126.9,29000,Nicobar,Car Nicobar,,Low,Beaches coconut groves,Occasional,22–30,3500,75–90,Most populous Nicobar,9.187057,92.7730136
Little Nicobar,Nicobar,159.1,430,Nicobar,Afra Bay,Great Nicobar Biosphere Reserve,Limited,Forests wildlife,Occasional,22–30,3500,75–90,-,7.3440188,93.6868311
Katchal,Nicobar,174.4,3400,Nicobar,Katchal,,Low,Beaches forests,Occasional,22–30,3500,75–90,-,7.9483741,93.4047135
Nancowry,Nicobar,66.9,1200,Nicobar,Nancowry,,Low,Beaches forests,Occasional,22–30,3500,75–90,-,7.9483741,93.4047135
Chowra,Nicobar,8.2,1500,Nicobar,Chowra,,Low,Beaches traditional culture,Occasional,22–30,3500,75–90,-,8.4546529,93.0460177
Teressa,Nicobar,101.4,2100,Nicobar,Teressa,,Low,Beaches forests,Occasional,22–30,3500,75–90,-,8.2741272,93.1064455
Bompoka,Nicobar,13.3,0,Nicobar,,,Limited,Small uninhabited,Occasional,22–30,3500,75–90,-,8.2432766,93.23418
Pulomilo,Nicobar,1.3,0,Nicobar,,,Limited,Small uninhabited,Occasional,22–30,3500,75–90,-,7.4034989,93.6868739
Meroe,Nicobar,0.52,0,Nicobar,,,Limited,Small uninhabited,Occasional,22–30,3500,75–90,-,7.0000,93.5000
Tilangchong,Nicobar,16.84,0,Nicobar,,,Limited,Small uninhabited,Occasional,22–30,3500,75–90,-,8.0000,93.6000
Thinnakara,Lakshadweep,1.4,0,Lakshadweep,,,Major,Resort island beaches,Occasional,25–32,1600,70–80,Uninhabited resort,10.9966,72.2833
Kumarakom Islands,Kerala,15.0,8000,Kottayam,Kumarakom,,Major,Backwaters resorts,Occasional,23–35,3000,70–85,Backwater tourism hub,9.6170,76.4297
Ponnani Thuruthu,Kerala,1.5,500,Malappuram,Ponnani,,Moderate,Estuary birdwatching,Occasional,23–35,3000,70–85,Ponnani Islands,10.7833,75.9000
Rameswaram Island,Tamil Nadu,61.8,44856,Ramanathapuram,Rameswaram,,Major,Temple beaches bridge,Occasional,23–35,1200,60–75,Sacred Hindu site,9.2882,79.3174
Srirangam Island,Tamil Nadu,13.0,81000,Tiruchirappalli,Srirangam,,Major,Temple complex heritage,Occasional,23–35,1200,60–75,Sacred island temple,10.8576,78.6871
Kurusadai Island,Tamil Nadu,0.5,0,Ramanathapuram,,Marine National Park,Limited,Coral reefs research station,Rare,23–35,1200,60–75,Gulf of Mannar,9.2500,79.1500
Quibble Island,Tamil Nadu,2.1,0,Chennai,,,Limited,Cemetery heritage,Occasional,23–35,1200,60–75,Colonial cemetery,13.020155,80.2702324
Gulf of Mannar Islands,Tamil Nadu,10.8,0,Ramanathapuram,,Marine National Park,Limited,Coral reefs biodiversity,Rare,23–35,1200,60–75,21 islands group,9.2500,79.1500
Pulicat Island,Tamil Nadu,15.0,5000,Tiruvallur,Pulicat,,Moderate,Lake lagoon fishing,Occasional,23–35,1200,60–75,Second largest lagoon,13.4167,80.3167
Pamban Island,Tamil Nadu,67.0,50000,Ramanathapuram,Pamban,,Major,Beaches fishing,Occasional,23–35,1200,60–75,Connected to mainland,9.2388621,79.332608
Divar Island,Goa,5.0,1200,North Goa,Divar,,Moderate,Portuguese heritage churches,Occasional,23–35,3000,70–85,Portuguese colonial heritage,15.5250877,73.9078163
Chorao Island,Goa,3.8,5000,North Goa,Chorao,,Moderate,Mangroves bird sanctuary,Occasional,23–35,3000,70–85,Salim Ali Bird Sanctuary,15.5393882,73.8846678
St. Mary's Island,Karnataka,0.5,0,Udupi,,,Major,Beaches geology,Occasional,20–35,3000,70–85,Columnar basalt,13.3792064,74.6733444
Netrani Island,Karnataka,0.5,0,Uttara Kannada,,,Major,Diving destination,Rare,20–35,3000,70–85,Popular diving site,14.0072,74.3222
Kurumgad Island,Karnataka,0.3,0,Uttara Kannada,,,Limited,Small uninhabited,Rare,20–35,3000,70–85,-,14.7833,74.1167
Mangalore Port Island,Karnataka,2.0,0,Dakshina Kannada,,,Major,Port facilities,Occasional,20–35,3000,70–85,Port island,12.9000,74.8000
Panambur Island,Karnataka,1.0,0,Dakshina Kannada,,,Limited,Small uninhabited,Rare,20–35,3000,70–85,-,12.9500,74.8000
Tannirbavi Island,Karnataka,0.5,0,Dakshina Kannada,,,Limited,Small uninhabited,Rare,20–35,3000,70–85,-,12.9000,74.7667
Devgad Island,Maharashtra,0.5,0,Sindhudurg,,,Limited,Small uninhabited,Rare,20–35,3000,70–85,-,16.4000,73.4000
Vengurla Rocks,Maharashtra,0.2,0,Sindhudurg,,,Limited,Small uninhabited,Rare,20–35,3000,70–85,-,15.8667,73.6333
Malvan Island,Maharashtra,0.3,0,Sindhudurg,,,Limited,Small uninhabited,Rare,20–35,3000,70–85,-,16.0667,73.4667
Sindhudurg Fort Island,Maharashtra,0.5,0,Sindhudurg,,,Major,Historic fort,Occasional,20–35,3000,70–85,Historic island fort,16.0526,73.4622
Elephanta Island,Mumbai,16.0,1200,Mumbai Suburban,,UNESCO World Heritage,Major,Cave temples history,Occasional,23–35,2500,60–80,Ancient cave temples,18.9217835,72.8347226
Butcher Island,Mumbai,0.5,0,Mumbai Suburban,,,Limited,Oil storage facility,Rare,23–35,2500,60–80,Industrial use,18.9593008,72.9023022
Cross Island,Mumbai,0.3,0,Mumbai Suburban,,,Limited,Small uninhabited,Rare,23–35,2500,60–80,-,18.9631,72.8422
Oyster Rock,Mumbai,0.1,0,Mumbai Suburban,,,Limited,Small uninhabited,Rare,23–35,2500,60–80,-,18.9639,72.8406
Middle Ground,Mumbai,0.2,0,Mumbai Suburban,,,Limited,Small uninhabited,Rare,23–35,2500,60–80,-,18.9636,72.8417
Salsette Island,Mumbai,619.0,15000000,Mumbai Suburban,Mumbai,,Major,Metropolitan area,Occasional,23–35,2500,60–80,Most populous island,19.1550,72.8956
Sagar Island,West Bengal,300.0,212000,South 24 Parganas,Sagar,,Major,Pilgrimage beaches,Occasional,20–35,1800,70–85,Ganga Sagar pilgrimage,21.7561703,88.1217396
Ghoramara Island,West Bengal,4.43,5000,South 24 Parganas,Ghoramara,,Low,Disappearing island,Occasional,20–35,1800,70–85,Climate change impact,21.913254,88.1298169
Lohachara Island,West Bengal,0.5,0,South 24 Parganas,,,,Submerged island,Rare,20–35,1800,70–85,Completely submerged,21.9000,88.1000
New Moore Island,West Bengal,0.5,0,South 24 Parganas,,,,Disputed territory,Rare,20–35,1800,70–85,India-Bangladesh dispute,21.9300,89.1300
Wheeler Island,Odisha,2.0,0,Bhadrak,,,Limited,Missile testing facility,Rare,20–35,1500,60–75,DRDO facility,20.7558655,87.0831934
Paradip Island,Odisha,15.0,50000,Jagatsinghpur,Paradip,,Major,Port facilities,Occasional,20–35,1500,60–75,Major port,20.3167,86.6167
Hukitola Island,Odisha,8.0,0,Kendrapara,,,Limited,Wildlife sanctuary,Rare,20–35,1500,60–75,-,20.4063752,86.7908474
Bhitarkanika Island,Odisha,145.0,0,Kendrapara,,Wildlife Sanctuary,Major,Mangroves crocodiles,Occasional,20–35,1500,60–75,Mangrove ecosystem,20.7300,86.8500
Bet Dwarka,Gujarat,8.0,5000,Devbhoomi Dwarka,Bet Dwarka,,Major,Temple heritage,Occasional,20–35,600,50–70,Sacred Hindu site,22.4492802,69.1010493
Pirotan Island,Gujarat,3.0,0,Jamnagar,,Marine National Park,Limited,Coral reefs marine life,Rare,20–35,600,50–70,Marine protected area,22.6001409,69.9556801
Narara Island,Gujarat,2.0,0,Jamnagar,,Marine National Park,Limited,Coral reefs marine life,Rare,20–35,600,50–70,Marine protected area,22.4700,69.0700
Kadmat Island,Gujarat,1.5,0,Jamnagar,,Marine National Park,Limited,Coral reefs marine life,Rare,20–35,600,50–70,Marine protected area,22.4700,69.0700
Beyt Dwarka,Gujarat,0.5,0,Devbhoomi Dwarka,,,Limited,Small uninhabited,Rare,20–35,600,50–70,-,22.4492802,69.1010493
Shiyal Bet,Gujarat,0.3,0,Amreli,,,Limited,Small uninhabited,Rare,20–35,600,50–70,-,21.5333,72.0667
Piram Island,Gujarat,0.2,0,Bhavnagar,,,Limited,Small uninhabited,Rare,20–35,600,50–70,-,21.6000,72.4000
Krishnapatnam Island,Andhra Pradesh,5.0,2000,Nellore,Krishnapatnam,,Major,Port facilities,Occasional,23–35,1000,60–75,Major port,16.7833,80.8667
Bhavani Island,Andhra Pradesh,133.0,5000,Vijayawada,Bhavani Island,,Major,Resort island,Occasional,23–35,1000,60–75,River island resort,16.5230101,80.5699106
Konaseema Islands,Andhra Pradesh,200.0,500000,East Godavari,Amalapuram,,Major,River delta islands,Occasional,23–35,1000,60–75,River delta region,16.6333,82.0167
Vijaya Durga Island,Andhra Pradesh,2.0,0,Visakhapatnam,,,Limited,Small uninhabited,Rare,23–35,1000,60–75,-,17.6833,83.2167
Diu Island,Diu,40.0,52000,Diu,Diu,,Major,Portuguese heritage beaches,Occasional,20–35,800,60–75,Portuguese colonial history,20.7181749,70.9323834
Majuli Island,Assam,880.0,167000,Jorhat,Majuli,,Major,River island satras,Occasional,15–35,2500,70–85,World's largest river island,27.0129015,94.2746854
Umananda Island,Assam,0.02,0,Kamrup Metro,,,Major,Temple island,Occasional,15–35,2500,70–85,Peacock Island,26.1964855,91.7449949
Bhelaguri Island,Assam,2.5,800,Morigaon,Bhelaguri,,Moderate,Sandbar agriculture,Occasional,15–35,2500,70–85,Char island,26.2000,92.3500
Ahotguri Island,Assam,1.8,500,Nagaon,Ahotguri,,Moderate,Sandbar agriculture,Occasional,15–35,2500,70–85,Char island,26.3000,92.6000
Kamalabari Island,Assam,3.2,1200,Jorhat,Kamalabari,,Moderate,Satra culture,Occasional,15–35,2500,70–85,Part of Majuli,26.9500,94.1500
Salmora Island,Assam,1.5,600,Jorhat,Salmora,,Moderate,Pottery crafts,Occasional,15–35,2500,70–85,Part of Majuli,26.9500,94.1500
Raghopur Island,Bihar,15.0,8000,Vaishali,Raghopur,,Moderate,River island agriculture,Occasional,15–35,1200,60–75,Harappan remains,25.5616766,85.3680703
Kahalgaon River Islands,Bihar,8.0,3000,Bhagalpur,Kahalgaon,,Moderate,River islands mythology,Occasional,15–35,1200,60–75,Ganga mythology,25.2600,87.2300
Sultanganj & Ajgaivinath Island,Bihar,2.0,1500,Bhagalpur,Sultanganj,,Major,Temple pilgrimage,Occasional,15–35,1200,60–75,Ajgaivinath Temple,25.2400,86.7300
Diara Islands,Bihar,50.0,25000,Multiple,Multiple,,Moderate,Ganga floodplains,Occasional,15–35,1200,60–75,Shifting sandbars,25.6000,85.1000
Brahmaputra River Islands,Arunachal Pradesh,25.0,1500,East Siang,Pasighat,,Moderate,River islands tribal culture,Occasional,15–30,2500,70–85,Brahmaputra river islands,27.9000,95.3000
Siang River Islands,Arunachal Pradesh,15.0,800,East Siang,Pasighat,,Low,River islands agriculture,Occasional,15–30,2500,70–85,Siang river tributaries,28.1000,95.3000
Dibang River Islands,Arunachal Pradesh,8.0,400,Lower Dibang Valley,Roing,,Low,River islands wildlife,Occasional,15–30,2500,70–85,Dibang river system,28.1000,95.9000
Lohit River Islands,Arunachal Pradesh,12.0,600,Lohit,Tezu,,Low,River islands tribal villages,Occasional,15–30,2500,70–85,Lohit river tributaries,27.9000,96.2000
Miao Island,Arunachal Pradesh,2.0,200,Changlang,Miao,,Moderate,River island wildlife sanctuary,Occasional,15–30,2500,70–85,Near Namdapha NP,27.5000,96.0000
Mahanadi River Islands,Chhattisgarh,45.0,8000,Raipur,Raipur,,Moderate,River islands agriculture,Occasional,20–35,1200,60–75,Mahanadi river system,21.2500,81.6300
Hasdev River Islands,Chhattisgarh,20.0,3000,Korba,Korba,,Low,River islands coal mining,Occasional,20–35,1200,60–75,Hasdev river tributaries,22.3500,82.7000
Indravati River Islands,Chhattisgarh,15.0,2000,Bijapur,Bijapur,,Low,River islands tribal culture,Occasional,20–35,1200,60–75,Indravati river system,19.0000,81.5000
Sheonath River Islands,Chhattisgarh,8.0,1500,Raipur,Raipur,,Low,River islands agriculture,Occasional,20–35,1200,60–75,Sheonath river,21.5000,81.5000
Kelo River Islands,Chhattisgarh,5.0,800,Raigarh,Raigarh,,Low,River islands small settlements,Occasional,20–35,1200,60–75,Kelo river tributaries,21.9000,83.4000
Yamuna River Islands,Haryana,30.0,12000,Yamunanagar,Yamunanagar,,Moderate,River islands agriculture,Occasional,15–35,800,50–70,Yamuna river system,30.1300,77.2800
Ghaggar River Islands,Haryana,15.0,5000,Sirsa,Sirsa,,Low,River islands seasonal,Occasional,15–35,800,50–70,Ghaggar river system,29.5333,75.0167
Markanda River Islands,Haryana,8.0,2000,Ambala,Ambala,,Low,River islands agriculture,Occasional,15–35,800,50–70,Markanda river,30.3500,77.1000
Tangri River Islands,Haryana,5.0,1500,Karnal,Karnal,,Low,River islands small settlements,Occasional,15–35,800,50–70,Tangri river,30.7000,76.9000
Dohan River Islands,Haryana,3.0,800,Gurugram,Gurugram,,Low,River islands urban fringe,Occasional,15–35,800,50–70,Dohan river,28.3500,76.8167
Beas River Islands,Himachal Pradesh,25.0,8000,Kangra,Kangra,,Moderate,River islands agriculture,Occasional,10–30,1500,60–80,Beas river system,32.0000,76.0000
Sutlej River Islands,Himachal Pradesh,20.0,6000,Bilaspur,Bilaspur,,Moderate,River islands hydro projects,Occasional,10–30,1500,60–80,Sutlej river system,31.4167,76.7500
Ravi River Islands,Himachal Pradesh,15.0,4000,Chamba,Chamba,,Moderate,River islands temples,Occasional,10–30,1500,60–80,Ravi river system,32.5000,75.9667
Chenab River Islands,Himachal Pradesh,12.0,3000,Lahaul and Spiti,Keylong,,Low,River islands high altitude,Occasional,10–30,1500,60–80,Chenab river,32.5833,76.1333
Parvati River Islands,Himachal Pradesh,8.0,2000,Kullu,Kullu,,Moderate,River islands adventure tourism,Occasional,10–30,1500,60–80,Parvati river,31.9833,77.3167
Damodar River Islands,Jharkhand,40.0,15000,Dhanbad,Dhanbad,,Moderate,River islands coal mining,Occasional,20–35,1200,60–75,Damodar river system,23.8000,86.4500
Subarnarekha River Islands,Jharkhand,25.0,8000,Ranchi,Ranchi,,Moderate,River islands tribal culture,Occasional,20–35,1200,60–75,Subarnarekha river,22.8000,86.2000
Koel River Islands,Jharkhand,18.0,6000,Lohardaga,Lohardaga,,Low,River islands agriculture,Occasional,20–35,1200,60–75,Koel river system,23.5000,84.5000
North Koel River Islands,Jharkhand,12.0,4000,Palamu,Palamu,,Low,River islands forests,Occasional,20–35,1200,60–75,North Koel river,24.0000,83.9000
South Koel River Islands,Jharkhand,10.0,3000,Ranchi,Ranchi,,Low,River islands tribal villages,Occasional,20–35,1200,60–75,South Koel river,23.0000,84.0000
Auranga River Islands,Jharkhand,8.0,2000,Palamu,Palamu,,Low,River islands small settlements,Occasional,20–35,1200,60–75,Auranga river,23.9000,84.1000
Narmada River Islands,Madhya Pradesh,60.0,20000,Jabalpur,Jabalpur,,Major,River islands temples,Occasional,20–35,1200,60–75,Narmada river system,23.1667,79.9333
Tawa River Islands,Madhya Pradesh,25.0,8000,Hoshangabad,Hoshangabad,,Moderate,River islands agriculture,Occasional,20–35,1200,60–75,Tawa river system,22.7500,77.9000
Chambal River Islands,Madhya Pradesh,35.0,12000,Morena,Morena,,Moderate,River islands wildlife,Occasional,20–35,1200,60–75,Chambal river system,26.5000,77.9000
Betwa River Islands,Madhya Pradesh,20.0,6000,Vidisha,Vidisha,,Moderate,River islands heritage,Occasional,20–35,1200,60–75,Betwa river system,23.8500,78.9000
Ken River Islands,Madhya Pradesh,15.0,4000,Panna,Panna,,Moderate,River islands forests,Occasional,20–35,1200,60–75,Ken river system,24.6000,80.2000
Sone River Islands,Madhya Pradesh,18.0,5000,Sidhi,Sidhi,,Low,River islands agriculture,Occasional,20–35,1200,60–75,Sone river system,24.2000,82.2000
Wainganga River Islands,Madhya Pradesh,12.0,3000,Balaghat,Balaghat,,Low,River islands tribal culture,Occasional,20–35,1200,60–75,Wainganga river,21.8000,80.2000
Loktak Lake Islands,Manipur,286.0,100000,Bishnupur,Thanga,,Major,Lake islands floating villages,Occasional,15–30,2000,70–85,World's only floating NP,24.5000,93.8333
Loktak Floating Islands,Manipur,50.0,15000,Bishnupur,,,Major,Phumdis floating biomass,Occasional,15–30,2000,70–85,Unique floating islands,24.5000,93.8333
Imphal River Islands,Manipur,15.0,8000,Imphal East,Imphal,,Moderate,River islands urban,Occasional,15–30,2000,70–85,Imphal river system,24.8000,93.9500
Iril River Islands,Manipur,12.0,5000,Imphal East,Imphal,,Moderate,River islands agriculture,Occasional,15–30,2000,70–85,Iril river system,24.9000,94.0000
Thoubal River Islands,Manipur,10.0,4000,Thoubal,Thoubal,,Moderate,River islands fishing,Occasional,15–30,2000,70–85,Thoubal river system,24.6000,94.0000
Manipur River Islands,Manipur,8.0,3000,Imphal West,Imphal,,Low,River islands small settlements,Occasional,15–30,2000,70–85,Manipur river,24.8000,93.9000
Umiam Lake Islands,Meghalaya,10.0,2000,Ri Bhoi,Shillong,,Major,Lake islands tourism,Occasional,15–25,2500,70–85,Umiam reservoir,25.6500,91.9000
Kynshi River Islands,Meghalaya,8.0,1500,West Khasi Hills,Nongstoin,,Low,River islands tribal culture,Occasional,15–25,2500,70–85,Kynshi river system,25.5000,91.2500
Umngot River Islands,Meghalaya,6.0,1000,East Khasi Hills,Shillong,,Moderate,River islands crystal clear water,Occasional,15–25,2500,70–85,Umngot river,25.2000,92.0000
Simsang River Islands,Meghalaya,5.0,800,East Garo Hills,Williamnagar,,Low,River islands forests,Occasional,15–25,2500,70–85,Simsang river,25.5000,90.6000
Dareng River Islands,Meghalaya,4.0,600,West Garo Hills,Tura,,Low,River islands small settlements,Occasional,15–25,2500,70–85,Dareng river,25.5000,90.2000
Rangdap River Islands,Meghalaya,3.0,400,South Garo Hills,Baghmara,,Low,River islands remote,Occasional,15–25,2500,70–85,Rangdap river,25.2000,90.6000
Tlawng River Islands,Mizoram,20.0,8000,Aizawl,Aizawl,,Moderate,River islands urban,Occasional,15–30,2500,70–85,Tlawng river system,23.7333,92.7167
Khawthlangtuipui River Islands,Mizoram,15.0,6000,Lunglei,Lunglei,,Moderate,River islands agriculture,Occasional,15–30,2500,70–85,Khawthlangtuipui river,22.8833,92.7333
Karnaphuli River Islands,Mizoram,12.0,4000,Lawngtlai,Lawngtlai,,Low,River islands tribal culture,Occasional,15–30,2500,70–85,Karnaphuli river,22.7000,92.5000
Mat River Islands,Mizoram,8.0,3000,Champhai,Champhai,,Low,River islands border area,Occasional,15–30,2500,70–85,Mat river system,23.5000,93.0000
Tuichawng River Islands,Mizoram,6.0,2000,Saiha,Saiha,,Low,River islands remote,Occasional,15–30,2500,70–85,Tuichawng river,22.5000,92.9000
Dil River Islands,Mizoram,4.0,1500,Mamit,Mamit,,Low,River islands small settlements,Occasional,15–30,2500,70–85,Dil river,23.8000,92.6000
Dhansiri River Islands,Nagaland,25.0,10000,Dimapur,Dimapur,,Moderate,River islands agriculture,Occasional,15–30,2000,70–85,Dhansiri river system,25.9000,93.7000
Doyang River Islands,Nagaland,20.0,8000,Wokha,Wokha,,Moderate,River islands hydro project,Occasional,15–30,2000,70–85,Doyang river system,26.2000,94.2000
Dikhu River Islands,Nagaland,15.0,6000,Mokokchung,Mokokchung,,Moderate,River islands tribal culture,Occasional,15–30,2000,70–85,Dikhu river system,26.3000,94.6000
Tizu River Islands,Nagaland,12.0,4000,Zunheboto,Zunheboto,,Low,River islands forests,Occasional,15–30,2000,70–85,Tizu river system,25.9000,94.8000
Milak River Islands,Nagaland,8.0,3000,Mokokchung,Mokokchung,,Low,River islands agriculture,Occasional,15–30,2000,70–85,Milak river,26.3000,94.6000
Tsurang River Islands,Nagaland,6.0,2000,Tuensang,Tuensang,,Low,River islands tribal villages,Occasional,15–30,2000,70–85,Tsurang river,26.2000,94.8000
Zungki River Islands,Nagaland,4.0,1500,Tuensang,Tuensang,,Low,River islands small settlements,Occasional,15–30,2000,70–85,Zungki river,26.1000,94.9000
Sutlej River Islands,Punjab,40.0,25000,Firozpur,Firozpur,,Major,River islands agriculture,Occasional,15–35,600,50–70,Sutlej river system,31.0000,74.9500
Beas River Islands,Punjab,30.0,18000,Amritsar,Amritsar,,Major,River islands Golden Temple area,Occasional,15–35,600,50–70,Beas river system,31.6000,74.9000
Ravi River Islands,Punjab,25.0,15000,Gurdaspur,Gurdaspur,,Moderate,River islands agriculture,Occasional,15–35,600,50–70,Ravi river system,32.0000,75.4000
Chenab River Islands,Punjab,20.0,12000,Fazilka,Fazilka,,Moderate,River islands border area,Occasional,15–35,600,50–70,Chenab river system,32.4000,74.8000
Ghaggar River Islands,Punjab,15.0,8000,Patiala,Patiala,,Low,River islands seasonal,Occasional,15–35,600,50–70,Ghaggar river,30.3000,76.4000
Swan River Islands,Punjab,10.0,5000,Hoshiarpur,Hoshiarpur,,Low,River islands small settlements,Occasional,15–35,600,50–70,Swan river,31.7000,76.2000
Chakki River Islands,Punjab,8.0,3000,Pathankot,Pathankot,,Low,River islands border area,Occasional,15–35,600,50–70,Chakki river,32.3000,75.6000
Indus River Islands,Rajasthan,35.0,15000,Jaisalmer,Jaisalmer,,Moderate,River islands desert,Occasional,20–40,400,40–60,Indus river system,27.0000,70.0000
Luni River Islands,Rajasthan,25.0,12000,Jodhpur,Jodhpur,,Moderate,River islands seasonal,Occasional,20–40,400,40–60,Luni river system,25.5000,72.0000
Chambal River Islands,Rajasthan,30.0,18000,Kota,Kota,,Moderate,River islands wildlife,Occasional,20–40,400,40–60,Chambal river system,25.2000,76.2000
Banas River Islands,Rajasthan,20.0,10000,Tonk,Tonk,,Moderate,River islands agriculture,Occasional,20–40,400,40–60,Banas river system,25.4000,75.6000
Mahi River Islands,Rajasthan,15.0,8000,Banswara,Banswara,,Low,River islands tribal culture,Occasional,20–40,400,40–60,Mahi river system,23.5500,74.4500
Sabarmati River Islands,Rajasthan,12.0,6000,Udaipur,Udaipur,,Moderate,River islands lakes,Occasional,20–40,400,40–60,Sabarmati river,23.1000,72.6000
Kali Sindh River Islands,Rajasthan,8.0,4000,Jhalawar,Jhalawar,,Low,River islands small settlements,Occasional,20–40,400,40–60,Kali Sindh river,24.3000,76.2000
Teesta River Islands,Sikkim,20.0,8000,East Sikkim,Gangtok,,Major,River islands tourism,Occasional,10–25,2500,70–85,Teesta river system,27.2500,88.6000
Rangit River Islands,Sikkim,15.0,6000,South Sikkim,Namchi,,Moderate,River islands hydro projects,Occasional,10–25,2500,70–85,Rangit river system,27.2000,88.3500
Lachung River Islands,Sikkim,12.0,4000,North Sikkim,Lachung,,Moderate,River islands high altitude,Occasional,10–25,2500,70–85,Lachung river,27.7000,88.7000
Lachen River Islands,Sikkim,10.0,3000,North Sikkim,Lachen,,Low,River islands glaciers,Occasional,10–25,2500,70–85,Lachen river,27.7000,88.6000
Rani Khola Islands,Sikkim,8.0,2000,West Sikkim,Geyzing,,Low,River islands forests,Occasional,10–25,2500,70–85,Rani Khola river,27.3000,88.2500
Rangpo River Islands,Sikkim,6.0,1500,East Sikkim,Rangpo,,Low,River islands border area,Occasional,10–25,2500,70–85,Rangpo river,27.1800,88.5300
Godavari River Islands,Telangana,50.0,30000,Karimnagar,Karimnagar,,Major,River islands temples,Occasional,20–35,1000,60–75,Godavari river system,18.4333,79.1500
Krishna River Islands,Telangana,40.0,25000,Nalgonda,Nalgonda,,Major,River islands agriculture,Occasional,20–35,1000,60–75,Krishna river system,16.7833,80.8667
Manjira River Islands,Telangana,25.0,15000,Medak,Medak,,Moderate,River islands wildlife,Occasional,20–35,1000,60–75,Manjira river system,18.0333,77.9333
Musi River Islands,Telangana,20.0,12000,Hyderabad,Hyderabad,,Moderate,River islands urban,Occasional,20–35,1000,60–75,Musi river system,17.3667,78.5000
Penganga River Islands,Telangana,15.0,8000,Adilabad,Adilabad,,Low,River islands tribal culture,Occasional,20–35,1000,60–75,Penganga river,19.6333,78.8000
Pranahita River Islands,Telangana,12.0,6000,Adilabad,Adilabad,,Low,River islands forests,Occasional,20–35,1000,60–75,Pranahita river,19.0667,79.5167
Kinnerasani River Islands,Telangana,8.0,4000,Khammam,Khammam,,Low,River islands small settlements,Occasional,20–35,1000,60–75,Kinnerasani river,17.9000,80.8833
Gomati River Islands,Tripura,30.0,20000,West Tripura,Agartala,,Major,River islands temples,Occasional,20–35,2000,70–85,Gomati river system,23.5000,91.5000
Manu River Islands,Tripura,25.0,15000,Dhalai,Ambassa,,Moderate,River islands agriculture,Occasional,20–35,2000,70–85,Manu river system,24.0000,92.0000
Khowai River Islands,Tripura,20.0,12000,West Tripura,Agartala,,Moderate,River islands urban,Occasional,20–35,2000,70–85,Khowai river system,24.1000,91.6000
Haora River Islands,Tripura,15.0,8000,West Tripura,Agartala,,Moderate,River islands border area,Occasional,20–35,2000,70–85,Haora river,23.8000,91.3000
Feni River Islands,Tripura,10.0,5000,South Tripura,Udaipur,,Low,River islands tribal culture,Occasional,20–35,2000,70–85,Feni river,23.0000,91.3000
Deo River Islands,Tripura,8.0,3000,North Tripura,Dharmanagar,,Low,River islands small settlements,Occasional,20–35,2000,70–85,Deo river,24.1000,92.2000
Ganga River Islands,Uttar Pradesh,80.0,50000,Varanasi,Varanasi,,Major,River islands temples ghats,Occasional,15–35,1000,60–75,Ganga river system,25.3176,82.9739
Yamuna River Islands,Uttar Pradesh,60.0,40000,Agra,Agra,,Major,River islands Taj Mahal area,Occasional,15–35,1000,60–75,Yamuna river system,27.1767,78.0081
Gomti River Islands,Uttar Pradesh,40.0,25000,Lucknow,Lucknow,,Major,River islands Nawabi heritage,Occasional,15–35,1000,60–75,Gomti river system,26.8467,80.9462
Ghaghara River Islands,Uttar Pradesh,35.0,20000,Ayodhya,Ayodhya,,Major,River islands Ram temple,Occasional,15–35,1000,60–75,Ghaghara river system,26.7994,82.2041
Betwa River Islands,Uttar Pradesh,25.0,15000,Jhansi,Jhansi,,Moderate,River islands forts,Occasional,15–35,1000,60–75,Betwa river system,25.4484,78.5696
Ken River Islands,Uttar Pradesh,20.0,12000,Banda,Banda,,Moderate,River islands wildlife,Occasional,15–35,1000,60–75,Ken river system,25.4753,80.3358
Chambal River Islands,Uttar Pradesh,30.0,18000,Agra,Agra,,Moderate,River islands dacoit history,Occasional,15–35,1000,60–75,Chambal river system,26.3351,78.0617
Sone River Islands,Uttar Pradesh,15.0,8000,Allahabad,Allahabad,,Moderate,River islands confluence,Occasional,15–35,1000,60–75,Sone river system,25.3782,82.9805
Rapti River Islands,Uttar Pradesh,12.0,6000,Gorakhpur,Gorakhpur,,Low,River islands agriculture,Occasional,15–35,1000,60–75,Rapti river system,26.7606,83.3732
Gandak River Islands,Uttar Pradesh,10.0,5000,Kushinagar,Kushinagar,,Low,River islands Buddhist sites,Occasional,15–35,1000,60–75,Gandak river system,26.7397,83.8897
Ganga River Islands,Uttarakhand,45.0,25000,Haridwar,Haridwar,,Major,River islands pilgrimage,Occasional,10–30,1500,60–80,Ganga river system,29.9457,78.1642
Yamuna River Islands,Uttarakhand,35.0,20000,Dehradun,Dehradun,,Major,River islands Doon Valley,Occasional,10–30,1500,60–80,Yamuna river system,30.3256,78.0322
Alaknanda River Islands,Uttarakhand,25.0,15000,Chamoli,Chamoli,,Moderate,River islands Char Dham,Occasional,10–30,1500,60–80,Alaknanda river system,30.3826,79.4930
Bhagirathi River Islands,Uttarakhand,20.0,12000,Uttarkashi,Uttarkashi,,Moderate,River islands Gangotri,Occasional,10–30,1500,60–80,Bhagirathi river system,30.9943,78.9398
Mandakini River Islands,Uttarakhand,15.0,8000,Rudraprayag,Rudraprayag,,Moderate,River islands Kedarnath,Occasional,10–30,1500,60–80,Mandakini river system,30.7346,79.0669
Dhauliganga River Islands,Uttarakhand,12.0,6000,Pithoragarh,Pithoragarh,,Low,River islands high altitude,Occasional,10–30,1500,60–80,Dhauliganga river,30.0732,80.6042
Kali River Islands,Uttarakhand,10.0,4000,Pithoragarh,Pithoragarh,,Low,River islands border area,Occasional,10–30,1500,60–80,Kali river system,29.1461,80.5361
Ramganga River Islands,Uttarakhand,8.0,3000,Almora,Almora,,Low,River islands small settlements,Occasional,10–30,1500,60–80,Ramganga river,29.5952,79.6542
Kavaratti,Lakshadweep,4.22,11322,Lakshadweep,Kavaratti,,Major,Capital beaches coral reefs,Occasional,25–32,1600,70–80,Administrative capital,10.5672,72.6369
Agatti,Lakshadweep,3.84,7560,Lakshadweep,Agatti,,Major,Airport beaches diving,Occasional,25–32,1600,70–80,Only airport in Lakshadweep,10.8629,72.1995
Minicoy,Lakshadweep,4.8,10447,Lakshadweep,Minicoy,,Major,Lighthouse beaches culture,Occasional,25–32,1600,70–80,Southernmost Lakshadweep,8.2955,73.0489
Kadmat,Lakshadweep,3.12,5379,Lakshadweep,Kadmat,,Major,Beaches coral reefs,Occasional,25–32,1600,70–80,-,11.2195,72.7846
Amini,Lakshadweep,2.59,7340,Lakshadweep,Amini,,Moderate,Beaches traditional culture,Occasional,25–32,1600,70–80,-,11.1314,72.7331
Andrott,Lakshadweep,4.84,10720,Lakshadweep,Andrott,,Moderate,Beaches largest Lakshadweep,Occasional,25–32,1600,70–80,Largest inhabited island,10.8266,73.6786
Kalpeni,Lakshadweep,2.79,4419,Lakshadweep,Kalpeni,,Moderate,Beaches coral reefs,Occasional,25–32,1600,70–80,-,10.0726,73.6421
Kiltan,Lakshadweep,1.63,3944,Lakshadweep,Kiltan,,Moderate,Beaches traditional culture,Occasional,25–32,1600,70–80,-,11.4833,73.0083
Chetlat,Lakshadweep,1.14,2289,Lakshadweep,Chetlat,,Low,Beaches small island,Occasional,25–32,1600,70–80,-,11.6861,72.6958
Bitra,Lakshadweep,0.105,271,Lakshadweep,Bitra,,Low,Smallest inhabited island,Occasional,25–32,1600,70–80,Smallest inhabited,11.5997,72.1856
Bangaram,Lakshadweep,2.3,0,Lakshadweep,,,Major,Resort island diving,Occasional,25–32,1600,70–80,Uninhabited resort,10.9442,72.2872
Shingle Island,Tamil Nadu,0.5,0,Ramanathapuram,,Marine National Park,Limited,Coral reefs,Occasional,23–35,1200,60–75,Gulf of Mannar,9.2300,79.1400
Krusadai Island,Tamil Nadu,0.5,0,Ramanathapuram,,Marine National Park,Limited,Coral reefs,Occasional,23–35,1200,60–75,Gulf of Mannar,9.2500,79.1500
Pullivasal Island,Tamil Nadu,0.5,0,Ramanathapuram,,Marine National Park,Limited,Coral reefs,Occasional,23–35,1200,60–75,Gulf of Mannar,9.2500,79.1600
Poomarichan Island,Tamil Nadu,0.5,0,Ramanathapuram,,Marine National Park,Limited,Coral reefs,Occasional,23–35,1200,60–75,Gulf of Mannar,9.2500,79.1700
Manoli Island,Tamil Nadu,0.5,0,Ramanathapuram,,Marine National Park,Limited,Coral reefs,Occasional,23–35,1200,60–75,Gulf of Mannar,9.2500,79.1800
Manoliputti Island,Tamil Nadu,0.5,0,Ramanathapuram,,Marine National Park,Limited,Coral reefs,Occasional,23–35,1200,60–75,Gulf of Mannar,9.2500,79.1900
Hare Island,Tamil Nadu,0.5,0,Ramanathapuram,,Marine National Park,Limited,Coral reefs,Occasional,23–35,1200,60–75,Gulf of Mannar,9.2500,79.2000
Nallathanni Island,Tamil Nadu,0.5,0,Ramanathapuram,,Marine National Park,Limited,Coral reefs,Occasional,23–35,1200,60–75,Gulf of Mannar,9.2500,79.2100
Appa Island,Tamil Nadu,0.5,0,Ramanathapuram,,Marine National Park,Limited,Coral reefs,Occasional,23–35,1200,60–75,Gulf of Mannar,9.2500,79.2200
Poovarasanpatti Island,Tamil Nadu,0.5,0,Ramanathapuram,,Marine National Park,Limited,Coral reefs,Occasional,23–35,1200,60–75,Gulf of Mannar,9.2500,79.2300
Valai Island,Tamil Nadu,0.5,0,Ramanathapuram,,Marine National Park,Limited,Coral reefs,Occasional,23–35,1200,60–75,Gulf of Mannar,9.2500,79.2400
Mulli Island,Tamil Nadu,0.5,0,Ramanathapuram,,Marine National Park,Limited,Coral reefs,Occasional,23–35,1200,60–75,Gulf of Mannar,9.2500,79.2500
Musal Island,Tamil Nadu,0.5,0,Ramanathapuram,,Marine National Park,Limited,Coral reefs,Occasional,23–35,1200,60–75,Gulf of Mannar,9.2500,79.2600
Pudukudi Island,Tamil Nadu,0.5,0,Ramanathapuram,,Marine National Park,Limited,Coral reefs,Occasional,23–35,1200,60–75,Gulf of Mannar,9.2500,79.2700
Poomarichanpatti Island,Tamil Nadu,0.5,0,Ramanathapuram,,Marine National Park,Limited,Coral reefs,Occasional,23–35,1200,60–75,Gulf of Mannar,9.2500,79.2800
Anaipar Island,Tamil Nadu,0.5,0,Ramanathapuram,,Marine National Park,Limited,Coral reefs,Occasional,23–35,1200,60–75,Gulf of Mannar,9.2500,79.2900
Vilanguchalli Island,Tamil Nadu,0.5,0,Ramanathapuram,,Marine National Park,Limited,Coral reefs,Occasional,23–35,1200,60–75,Gulf of Mannar,9.2500,79.3000
Upputhanni Island,Tamil Nadu,0.5,0,Ramanathapuram,,Marine National Park,Limited,Coral reefs,Occasional,23–35,1200,60–75,Gulf of Mannar,9.2500,79.3100
Puluvinichalli Island,Tamil Nadu,0.5,0,Ramanathapuram,,Marine National Park,Limited,Coral reefs,Occasional,23–35,1200,60–75,Gulf of Mannar,9.2500,79.3200
Mulli Island (East),Tamil Nadu,0.5,0,Ramanathapuram,,Marine National Park,Limited,Coral reefs,Occasional,23–35,1200,60–75,Gulf of Mannar,9.2500,79.3300
Vallarpadam Island,Kerala,2.0,0,Ernakulam,,None,Major,Container transshipment terminal,Occasional,23–35,3000,70–85,Backwater island,10.0217,76.2653
Pizhala Island,Kerala,1.5,0,Ernakulam,,None,Moderate,Backwater village,Occasional,23–35,3000,70–85,Backwater island,10.0900,76.2700
Kadamakkudy Islands,Kerala,2.0,0,Ernakulam,,None,Moderate,Backwater cluster,Occasional,23–35,3000,70–85,Backwater cluster,10.0500,76.2700
Island Grounds,Tamil Nadu,1.0,0,Chennai,,None,Limited,Event ground,Occasional,23–35,1200,60–75,Urban island,13.0833,80.2833
Diviseema,Andhra Pradesh,50.0,0,Krishna,,None,Moderate,Godavari delta,Occasional,23–35,1000,60–75,Delta island,16.0167,81.0167
San Jacinto Island,Goa,0.5,0,South Goa,,None,Limited,Heritage,Occasional,23–35,3000,70–85,Heritage island,15.4250,73.8300
Vanxim Island,Goa,0.5,0,North Goa,,None,Limited,Backwater,Occasional,23–35,3000,70–85,Backwater island,15.5700,73.9000
Edulapuram Island,Telangana,1.0,0,Karimnagar,,None,Limited,Godavari river island,Occasional,20–35,1000,60–75,Riverine island,18.4333,79.1500
Jambudwip,West Bengal,10.0,0,South 24 Parganas,,None,Limited,Fishing,Occasional,20–35,1800,70–85,Sundarbans,21.5833,88.2333
Henry Island,West Bengal,8.0,0,South 24 Parganas,,None,Limited,Ecotourism,Occasional,20–35,1800,70–85,Sundarbans,21.6000,88.2667
Gosaba Island,West Bengal,20.0,0,South 24 Parganas,,None,Moderate,Inhabited,Occasional,20–35,1800,70–85,Sundarbans,22.1650,88.8000
Satjelia Island,West Bengal,15.0,0,South 24 Parganas,,None,Moderate,Inhabited,Occasional,20–35,1800,70–85,Sundarbans,22.1000,88.8000
Patharpratima Island,West Bengal,18.0,0,South 24 Parganas,,None,Moderate,Inhabited,Occasional,20–35,1800,70–85,Sundarbans,21.9000,88.4000
Maipith Island,West Bengal,12.0,0,South 24 Parganas,,None,Limited,Inhabited,Occasional,20–35,1800,70–85,Sundarbans,21.9000,88.3000
Basanti Island,West Bengal,14.0,0,South 24 Parganas,,None,Moderate,Inhabited,Occasional,20–35,1800,70–85,Sundarbans,22.1833,88.7333
Kumirmari Island,West Bengal,10.0,0,South 24 Parganas,,None,Limited,Inhabited,Occasional,20–35,1800,70–85,Sundarbans,22.1000,88.9000
Bali Island,West Bengal,9.0,0,South 24 Parganas,,None,Limited,Inhabited,Occasional,20–35,1800,70–85,Sundarbans,22.1000,88.7000
Dulki Island,West Bengal,7.0,0,South 24 Parganas,,None,Limited,Inhabited,Occasional,20–35,1800,70–85,Sundarbans,22.1000,88.8000
Lothian Island,West Bengal,6.0,0,South 24 Parganas,,None,Limited,Wildlife Sanctuary,Occasional,20–35,1800,70–85,Sundarbans,21.8167,88.3167
Bulchery Island,West Bengal,5.0,0,South 24 Parganas,,None,Limited,Inhabited,Occasional,20–35,1800,70–85,Sundarbans,21.9000,88.3000
Kalas Island,West Bengal,4.0,0,South 24 Parganas,,None,Limited,Inhabited,Occasional,20–35,1800,70–85,Sundarbans,21.9000,88.3000
Khanderi Island,Maharashtra,0.2,0,Raigad,,None,Limited,Historic fort island,Occasional,23–35,3000,70–85,Historic fort,18.7897,72.8672
Underi Island,Maharashtra,0.2,0,Raigad,,None,Limited,Historic fort island,Occasional,23–35,3000,70–85,Historic fort,18.7900,72.8700
Panju Island,Maharashtra,0.5,0,Thane,,None,Limited,Inhabited,Occasional,23–35,3000,70–85,Estuarine island,19.3000,72.8500
Dharamtar Island,Maharashtra,0.3,0,Raigad,,None,Limited,Port area,Occasional,23–35,3000,70–85,Port island,18.8000,72.9500
Gharapuri Island,Maharashtra,0.4,0,Mumbai,,None,Limited,Historic,Occasional,23–35,3000,70–85,Historic island,18.9630,72.9310
Basavaraj Durga,Karnataka,0.5,0,Honnavar,,None,Limited,Historic fort island,Occasional,20–35,3000,70–85,Historic fort,14.2833,74.4333
Anjediva Island,Karnataka,1.5,0,Uttara Kannada,,None,Limited,Naval base,Occasional,20–35,3000,70–85,Naval base,14.7167,74.1167
Puthuvype Island,Kerala,1.0,0,Ernakulam,,None,Limited,Coastal,Occasional,23–35,3000,70–85,Coastal island,10.0500,76.2500
